<xml xmlns:o="urn:schemas-microsoft-com:office:office">
 <o:MainFile HRef="../Spark.default.properties.guide.htm"/>
 <o:File HRef="image001.png"/>
 <o:File HRef="image003.png"/>
 <o:File HRef="image005.png"/>
 <o:File HRef="image007.png"/>
 <o:File HRef="image009.png"/>
 <o:File HRef="image011.png"/>
 <o:File HRef="image013.png"/>
 <o:File HRef="image015.png"/>
 <o:File HRef="image017.png"/>
 <o:File HRef="image019.png"/>
 <o:File HRef="image021.png"/>
 <o:File HRef="image023.png"/>
 <o:File HRef="image025.png"/>
 <o:File HRef="image027.png"/>
 <o:File HRef="image029.png"/>
 <o:File HRef="image031.png"/>
 <o:File HRef="image033.png"/>
 <o:File HRef="filelist.xml"/>
</xml>